ID,COUNTY,NAME,STNAME,POPESTIMATE2015,CTYNAME,TOT_POP,TOT_MALE,TOT_FEMALE,WHITE,HISPANIC,BLACK,ASIAN,NATIVE,OTHER,1,2,3,4,5,6,7,8,9,10,11,12,13,14,15,16,17,18,00..10,10..15,15..25,25..35,35..50,50..75,75..100,100..150,150..200,200..999,LESS_THAN_HS,HS_DEGREE,SOME_COLLEGE,BS_DEGREE
2290,1,NAIROBI,NAIROBI,672228,NAIROBI,672228,0.473947827,0.526052173,0.001,0.001,0.945,0.042095837,0.005578464,0.05,0.064490024,0.048904538,0.039287266,0.05522531,0.089250968,0.116337017,0.110275085,0.080685422,0.062047401,0.057254384,0.058023468,0.054726968,0.048941728,0.03927834,0.026379443,0.018562155,0.013302034,0.017028449,0.1,0.04,0.07,0.06,0.09,0.14,0.11,0.15,0.08,0.12,0.11,0.21,0.42,0.24
